id,firstName,lastName,email,gender,contactNo,country,dob
1,Dud,Ishak,dishak0@alexa.com,Male,970-613-2617,Ukraine,24-06-12
2,Jolyn,Bragg,jbragg1@go.com,Genderqueer,614-319-7266,United States,18-09-03
3,Sallie,Gaw,sgaw2@mit.edu,Female,997-395-9270,France,12-05-94
4,Belle,De Biasi,bdebiasi3@ucla.edu,Female,592-563-0424,Democratic Republic of the Congo,08-04-01
5,Bing,Filov,bfilov4@engadget.com,Male,343-984-1150,Indonesia,19-10-92
6,West,Douberday,wdouberday5@mozilla.org,Male,615-444-4318,Brazil,24-05-90
7,Marion,Northridge,mnorthridge6@newsvine.com,Female,149-504-2848,Dominican Republic,01-04-20
8,Hillary,Whittle,hwhittle7@free.fr,Non-binary,800-103-2454,China,09-05-93
9,Standford,Semour,ssemour8@live.com,Genderqueer,442-441-9317,Indonesia,24-10-10
10,Babs,Orridge,borridge9@exblog.jp,Female,654-596-4163,Netherlands,04-08-99
11,Arliene,Dunnett,adunnetta@microsoft.com,Female,799-950-8349,China,10-08-99
12,Anabal,Bick,abickb@icq.com,Female,100-307-6924,Ukraine,20-06-09
13,Thelma,Hoodlass,thoodlassc@ucsd.edu,Female,627-566-6711,China,16-11-12
14,Othello,Sperrett,osperrettd@feedburner.com,Male,326-887-9247,France,28-11-90
15,Kristal,Herche,kherchee@cbslocal.com,Female,928-973-7589,China,12-11-16
16,Archibaldo,Goldberg,agoldbergf@ted.com,Male,733-212-0386,Brazil,27-04-12
17,Traver,Sutheran,tsutherang@wired.com,Male,231-864-6056,Bosnia and Herzegovina,30-12-94
18,Noelani,Baggally,nbaggallyh@discuz.net,Female,641-445-0261,Brazil,22-02-15
19,Maye,Peetermann,mpeetermanni@rambler.ru,Female,222-435-3367,Bulgaria,19-01-11
20,Barbara,Coleyshaw,bcoleyshawj@unc.edu,Agender,415-111-0479,Ecuador,13-11-05
